e_mail_id,e_mail,guests_guest_id,administrators_administrator_id,hosts_host_id
1,jklöjk@dummy.de,1,NULL,NULL
2,dfgs@dummy.de,2,NULL,NULL
3,fdghk@dummy.de,3,NULL,NULL
4,hdfg@dummy.de,4,NULL,NULL
5,dfghhhk@dummy.de,5,NULL,NULL
6,dfghghfgd@dummy.de,6,NULL,NULL
7,asdafsdfd@dummy.de,6,NULL,NULL
8,gfjhg@dummy.de,7,NULL,NULL
9,jfhgghj@dummy.de,7,NULL,NULL
10,fjghghjs@dummy.de,8,NULL,NULL
11,gdfsgdfsg@dummy.de,9,NULL,NULL
12,hfgdhfg@dummy.de,10,NULL,NULL
13,jfhghj@dummy.de,11,NULL,NULL
14,fghjjh@dummy.de,12,NULL,NULL
15,fghjghjf@dummy.de,13,NULL,NULL
16,twrewert@dummy.de,14,NULL,NULL
17,itzui@dummy.de,15,NULL,NULL
18,jhfgghj@dummy.de,16,NULL,NULL
19,xvxcbbv@dummy.de,17,NULL,NULL
20,kjfghj@dummy.de,18,NULL,NULL
21,ghjfkk@dummy.de,19,NULL,NULL
22,dfghdfgh@dummy.de,20,NULL,NULL
23,dfghdfgh@dummy.de,20,NULL,NULL
24,dfghfgh@dummy.de,NULL,NULL,1
25,dfhgfghd@dummy.de,NULL,NULL,2
26,erwztrtzert@dummy.de,NULL,NULL,3
27,erzteh@dummy.de,NULL,NULL,4
28,dfghhjdf@dummy.de,NULL,NULL,5
29,ghjkghjk@dummy.de,NULL,NULL,6
30,cvbbnv@dummy.de,NULL,NULL,6
31,bdfgh@dummy.de,NULL,NULL,7
32,nzreur@dummy.de,NULL,NULL,7
33,dffgh@dummy.de,NULL,NULL,8
34,hjkgkghj@dummy.de,NULL,NULL,9
35,bvncvbn@dummy.de,NULL,NULL,10
36,lklghl@dummy.de,NULL,NULL,11
37,wsertgesg@dummy.de,NULL,NULL,12
38,hfgjjkfh@dummy.de,NULL,NULL,13
39,öklöhjk@dummy.de,NULL,NULL,14
40,rtzurtzu@dummy.de,NULL,NULL,15
41,rtuzifghj@dummy.de,NULL,NULL,16
42,fjghjfgh@dummy.de,NULL,NULL,17
43,sdfghgsd@dummy.de,NULL,NULL,18
44,xcvbxcvvb@dummy.de,NULL,NULL,19
45,sfdgshdfgfgdh@dummy.de,NULL,NULL,20
46,fjghfghj@dummy.de,NULL,NULL,20
47,jkfghj@dummy.de,NULL,1,NULL
48,dfhgxfjzztedfghd@dummy.de,NULL,2,NULL
49,khjk@dummy.de,NULL,3,NULL
50,asddfs@dummy.de,NULL,4,NULL
51,g445gdf@dummy.de,NULL,5,NULL
52,dfh66@dummy.de,NULL,6,NULL
53,hgdfh3@dummy.de,NULL,6,NULL
54,ghjdll@dummy.de,NULL,7,NULL
55,lljhl@dummy.de,NULL,7,NULL
56,gscbcvcvb@dummy.de,NULL,8,NULL
57,vbm@dummy.de,NULL,9,NULL
58,hdghfdfgh@dummy.de,NULL,10,NULL
59,j545nn@dummy.de,NULL,11,NULL
60,dyfgf3@dummy.de,NULL,12,NULL
61,xcvbj56@dummy.de,NULL,13,NULL
62,hfgdhd@dummy.de,NULL,14,NULL
63,hdfghf@dummy.de,NULL,15,NULL
64,hh55h5h@dummy.de,NULL,16,NULL
65,dfghdfgh@dummy.de,NULL,17,NULL
66,ncvbncvb@dummy.de,NULL,18,NULL
67,zdfgh56@dummy.de,NULL,19,NULL
68,kghjkg@dummy.de,NULL,20,NULL
69,lhjfssss@dummy.de,NULL,20,NULL
